<?xml version="1.0" encoding="UTF-8"?>
<launch4jConfig>
  <dontWrapJar>false</dontWrapJar>
  <headerType>gui</headerType>
  <jar>C:\Users\USUARIO\OneDrive\Escritorio\pet\petManager1.jar</jar>
  <outfile>C:\Users\USUARIO\OneDrive\Escritorio\pet\pet_manager.exe</outfile>
  <errTitle></errTitle>
  <cmdLine></cmdLine>
  <chdir>.</chdir>
  <priority>normal</priority>
  <downloadUrl></downloadUrl>
  <supportUrl></supportUrl>
  <stayAlive>false</stayAlive>
  <restartOnCrash>false</restartOnCrash>
  <manifest></manifest>
  <icon>C:\Users\USUARIO\OneDrive\Escritorio\pet\veterinario.ico</icon>
  <classPath>
    <mainClass>view.show</mainClass>
    <cp>lib/antlr-2.7.7.jar</cp>
    <cp>lib/c3p0-0.9.2.1.jar</cp>
    <cp>lib/hibernate-c3p0-4.3.1.Final.jar</cp>
    <cp>lib/mchange-commons-java-0.2.3.4.jar</cp>
    <cp>lib/dom4j-1.6.1.jar</cp>
    <cp>lib/ehcache-core-2.4.3.jar</cp>
    <cp>lib/hibernate-ehcache-4.3.1.Final.jar</cp>
    <cp>lib/hibernate-core-4.3.1.Final.jar</cp>
    <cp>lib/jboss-logging-3.1.3.GA.jar</cp>
    <cp>lib/hibernate-commons-annotations-4.0.4.Final.jar</cp>
    <cp>lib/hibernate-entitymanager-4.3.1.Final.jar</cp>
    <cp>lib/javassist-3.18.1-GA.jar</cp>
    <cp>lib/jboss-transaction-api_1.2_spec-1.0.0.Final.jar</cp>
    <cp>lib/slf4j-api-1.6.1.jar</cp>
    <cp>lib/slf4j-simple-1.6.1.jar</cp>
    <cp>lib/mysql-connector-j-8.0.32.jar</cp>
    <cp>lib/hibernate-jpa-2.1-api-1.0.0.Final.jar</cp>
  </classPath>
  <jre>
    <path>%JAVA_HOME%;%PATH%</path>
    <requiresJdk>false</requiresJdk>
    <requires64Bit>false</requires64Bit>
    <minVersion>19</minVersion>
    <maxVersion></maxVersion>
  </jre>
</launch4jConfig>